ID,Name,PhotoURL
12345678,Violet Del Valle,data/300.jpg
593455662,Jimmie Lewis,https://randomuser.me/api/portraits/men/89.jpg
793873706,Ellen Castillo,https://randomuser.me/api/portraits/women/85.jpg
678134015,Paul Reid,https://randomuser.me/api/portraits/men/24.jpg
680538371,Hannah Banks,https://randomuser.me/api/portraits/women/11.jpg
486227187,Tanya Mason,https://randomuser.me/api/portraits/women/12.jpg
510485280,Nicholas Stone,https://randomuser.me/api/portraits/men/79.jpg
853251115,Soham Jennings,https://randomuser.me/api/portraits/men/79.jpg
646107444,Janet Williams,https://randomuser.me/api/portraits/women/25.jpg
373943269,Byron Hughes,https://randomuser.me/api/portraits/men/80.jpg
369334703,Vernon Gonzalez,https://randomuser.me/api/portraits/men/25.jpg
593455662,Jimmie Lewis,https://randomuser.me/api/portraits/men/89.jpg
793873706,Ellen Castillo,https://randomuser.me/api/portraits/women/85.jpg
678134015,Paul Reid,https://randomuser.me/api/portraits/men/24.jpg
680538371,Hannah Banks,https://randomuser.me/api/portraits/women/11.jpg
486227187,Tanya Mason,https://randomuser.me/api/portraits/women/12.jpg
510485280,Nicholas Stone,https://randomuser.me/api/portraits/men/79.jpg
853251115,Soham Jennings,https://randomuser.me/api/portraits/men/79.jpg
646107444,Janet Williams,https://randomuser.me/api/portraits/women/25.jpg
373943269,Byron Hughes,https://randomuser.me/api/portraits/men/80.jpg
369334703,Vernon Gonzalez,https://randomuser.me/api/portraits/men/25.jpg
